word-list-01.html,1,Abhor,hate
word-list-01.html,1,Bigot,"narrow-minded, prejudiced person"
word-list-01.html,1,Counterfeit,fake; false
word-list-01.html,1,Enfranchise,give voting rights
word-list-01.html,1,Hamper,hinder; obstruct
word-list-01.html,1,Kindle,to start a fire
word-list-01.html,1,Noxious,harmful; poisonous; lethal
word-list-01.html,1,Placid,calm; peaceful
word-list-01.html,1,Remuneration,payment for work done
word-list-01.html,1,Talisman,lucky charm
word-list-01.html,2,Abrasive,rough; coarse; harsh
word-list-01.html,2,Bilk,cheat; defraud
word-list-01.html,2,Covert,hidden; undercover
word-list-01.html,2,Engender,cause
word-list-01.html,2,Hangar,storage area (like garage) for a plane
word-list-01.html,2,Knotty,complex; difficult to solve
word-list-01.html,2,Nuance,something subtle; a fine shade of meaning
word-list-01.html,2,Plagiarism,taking credit for someone else's writing or ideas
word-list-01.html,2,Renown,fame
word-list-01.html,2,Tangent,going off the main subject
word-list-01.html,3,Abasement,humiliation; degradation
word-list-01.html,3,Billowing,swelling; fluttering; waving
word-list-01.html,3,Cower,recoil in fear or servility; shrink away from
word-list-01.html,3,Enhance,improve; make better or clearer
word-list-01.html,3,Harangue,"noisy, attacking speech"
word-list-01.html,3,Labyrinth,a maze
word-list-01.html,3,Nullify,to counter; make unimportant
word-list-01.html,3,Plaintiff,petitioner (in court of law)
word-list-01.html,3,Replete,full
word-list-01.html,3,Tangible,can be touched
word-list-01.html,4,Abrogate,cancel; deny; repeal
word-list-01.html,4,Blasphemy,speech which offends religious sentiments
word-list-01.html,4,Credible,believable
word-list-01.html,4,Enigma,puzzle; mystery
word-list-01.html,4,Harbingers,indicators; bringers of warnings
word-list-01.html,4,Labyrinthine,complicated; highly convoluted
word-list-01.html,4,Nuzzle,cuddle; snuggle
word-list-01.html,4,Plaudit,statement giving strong praise
word-list-01.html,4,Reprehensible,shameful; very bad
word-list-01.html,4,Tardy,slow; late; overdue; delayed
word-list-01.html,5,Absolution,forgiveness; pardon; release
word-list-01.html,5,Blatant,obvious
word-list-01.html,5,Creditable,praiseworthy
word-list-01.html,5,Ensconce,establish firmly in a position
word-list-01.html,5,Hasten,hurry; accelerate; rush
word-list-01.html,5,Laceration,a cut
word-list-01.html,5,Obdurate,stubborn
word-list-01.html,5,Plausible,can be believed; reasonable
word-list-01.html,5,Reprieve,a respite; postponement of a sentence
word-list-01.html,5,Tawdry,of little value; gaudy
word-list-01.html,6,Abstain,desist; go without; withdraw
word-list-01.html,6,Blighted,damaged; destroyed; ruined
word-list-01.html,6,Credulous,gullible; ready to believe anything
word-list-01.html,6,Enshroud,cover
word-list-01.html,6,Haughtiness,arrogance; pride
word-list-01.html,6,Lachrymose,tearful; sad
word-list-01.html,6,Obfuscate,deliberately make something difficult to understand
word-list-01.html,6,Plethora,an excess
word-list-01.html,6,Repudiate,shun; eschew
word-list-01.html,6,Tedium,boredom
word-list-01.html,7,Abstemious,self denying; refraining from indulging
word-list-01.html,7,Blithe,free-spirited; carefree
word-list-01.html,7,Crepuscular,active at dawn and dusk
word-list-01.html,7,Enunciation,clear pronunciation; accent; articulation
word-list-01.html,7,Headstrong,stubborn; willful
word-list-01.html,7,Lackluster,dull; monotonous; bland
word-list-01.html,7,Objective,unbiased; not subjective
word-list-01.html,7,Pliable,flexible; not stubborn
word-list-01.html,7,Rescind,retract; repeal
word-list-01.html,7,Temper,to moderate; soften
word-list-01.html,8,Abstruse,difficult to understand; obscure
word-list-01.html,8,Blunderbuss,1. ancient weapon (type of gun); 2. a clumsy person
word-list-01.html,8,Cringe,recoil; flinch; shy away
word-list-01.html,8,Envenom,to cause bitterness and bad feeling
word-list-01.html,8,Hedonism,self indulgence; pleasure-seeking
word-list-01.html,8,Laconic,using few words; brief; to the point
word-list-01.html,8,Oblique,indirect; slanting
word-list-01.html,8,Plumage,feathers of a bird
word-list-01.html,8,Resignation,acceptance of fate
word-list-01.html,8,Tenacious,stubborn; resolute; holding firm to a purpose
word-list-01.html,9,Accolade,tribute; honor; praise
word-list-01.html,9,Bolster,support; prop up
word-list-01.html,9,Cryptic,puzzling; enigmatic
word-list-01.html,9,Ephemeral,short-lived
word-list-01.html,9,Hedonist,a pleasure seeker
word-list-01.html,9,Lamentation,expression of regret or sorrow
word-list-01.html,9,Obliterate,destroy; demolish; eradicate
word-list-01.html,9,Plummet,fall suddenly and steeply
word-list-01.html,9,Resolution,determination
word-list-01.html,9,Tentative,not certain
word-list-01.html,10,Acquiesce,to agree to; give in to
word-list-01.html,10,Bombast,"arrogant, pompous language"
word-list-01.html,10,Curtail,cut short
word-list-01.html,10,Epicure,someone who appreciates good food and drink
word-list-01.html,10,Heed,listen to
word-list-01.html,10,Lampoon,ridicule; spoof
word-list-01.html,10,Oblivious,totally unaware
word-list-01.html,10,Podium,raised platform
word-list-01.html,10,Resonant,echoing
word-list-01.html,10,Tenuous,flimsy; not solid
word-list-02.html,1,Acrid,sharp; pungent (used of smells and tastes)
word-list-02.html,1,Boorish,ill-mannered
word-list-02.html,1,Cynical,believing that people act only out of selfish motives
word-list-02.html,1,Epistle,a letter (form of communication)
word-list-02.html,1,Heresy,against orthodox opinion
word-list-02.html,1,Lance,spear; spike; javelin
word-list-02.html,1,Obscure,difficult to understand; partially hidden
word-list-02.html,1,Poignant,deeply moving; strongly affecting the emotions
word-list-02.html,1,Respite,a break; intermission
word-list-02.html,1,Terse,concise; to the point
word-list-02.html,2,Acrophobia,fear of heights
word-list-02.html,2,Bourgeois,middle class
word-list-02.html,2,Debility,weakness; incapacity
word-list-02.html,2,Epistolary,concerned with letters; through correspondence
word-list-02.html,2,Hiatus,interruption; pause
word-list-02.html,2,Languid,tired; slow
word-list-02.html,2,Obscured,hidden; covered; buried
word-list-02.html,2,Poised,calm; collected; self-possessed
word-list-02.html,2,Resplendent,shining; glowing
word-list-02.html,2,Therapeutic,medicinal; curative
word-list-02.html,3,Acuity,sharpness (mental or visual)
word-list-02.html,3,Braggart,someone who boasts
word-list-02.html,3,Debunking,exposing false claims or myths
word-list-02.html,3,Epitomized,typified; characterized; personified
word-list-02.html,3,Hidebound,rigid in opinions
word-list-02.html,3,Languish,decay; fade away; get weaker
word-list-02.html,3,Obsequious,servile; submissive
word-list-02.html,3,Polemical,causing debate or argument
word-list-02.html,3,Restorative,a tonic
word-list-02.html,3,Thwart,prevent; frustrate
word-list-02.html,4,Adamant,forceful; inflexible
word-list-02.html,4,Brawny,muscular
word-list-02.html,4,Decathlon,an athletic competition with ten events
word-list-02.html,4,Equivocate,speak ambiguously; avoid telling the truth
word-list-02.html,4,Hieroglyphics,1. picture writing; 2. writing which is difficult to read or enigmatic
word-list-02.html,4,Larceny,theft; robbery; stealing
word-list-02.html,4,Obsession,a dominating concern
word-list-02.html,4,Ponderous,weighty; slow and heavy
word-list-02.html,4,Retention,preservation; withholding
word-list-02.html,4,Timorous,cowardly; fearful
word-list-02.html,5,Adroit,skilful / skillful
word-list-02.html,5,Brevity,being brief
word-list-02.html,5,Decorum,"dignified, correct behavior [decorous (a)]"
word-list-02.html,5,Err,make a mistake
word-list-02.html,5,Hinder,obstruct
word-list-02.html,5,Largess,generosity
word-list-02.html,5,Obsolete,no longer valid
word-list-02.html,5,Pontificate,speak pompously or dogmatically
word-list-02.html,5,Reticent,restrained; holding something back; uncommunicative
word-list-02.html,5,Tirade,stream of verbal abuse
word-list-02.html,6,Adulation,strong admiration; worship
word-list-02.html,6,Bristle,to show irritation
word-list-02.html,6,Decoy,lure; trap; trick
word-list-02.html,6,Erratic,wandering; irregular
word-list-02.html,6,Histrionic,theatrical; exaggerated
word-list-02.html,6,Laud,praise
word-list-02.html,6,Obstreperous,noisy and boisterous
word-list-02.html,6,Portend,foretell
word-list-02.html,6,Retraction,withdrawal; cancellation of a statement
word-list-02.html,6,Titter,giggle quietly
word-list-02.html,7,Adversity,hardship
word-list-02.html,7,Broach,start to discuss; approach
word-list-02.html,7,Deference,respect
word-list-02.html,7,Esoteric,obscure and difficult to understand
word-list-02.html,7,Hoary,old
word-list-02.html,7,Lavish,on a grand scale; wasteful
word-list-02.html,7,Obtuse,mentally dull
word-list-02.html,7,Portent,a warning sign; omen
word-list-02.html,7,Revere,worship
word-list-02.html,7,Tome,large book
word-list-02.html,8,Advocate,support
word-list-02.html,8,Brusque,blunt; abrupt
word-list-02.html,8,Defoliate,cause leaves to fall off
word-list-02.html,8,Espouse,promote; take up; support
word-list-02.html,8,Hone,sharpen; increase; whet
word-list-02.html,8,Lax,careless; not strict
word-list-02.html,8,Obviate,avoid; make unnecessary
word-list-02.html,8,Poseur,someone who puts on an act
word-list-02.html,8,Riddled,full of (usually full of holes)
word-list-02.html,8,Torpid,inactive; lazy; stagnant
word-list-02.html,9,Aesthetic,concerning art or beauty
word-list-02.html,9,Bulwark,fortification; barricade; wall
word-list-02.html,9,Defunct,no longer in existence
word-list-02.html,9,Etymology,the study of word origins
word-list-02.html,9,Hyperbole,grossly exaggerated speech
word-list-02.html,9,Legend,1. key to map;  2. myth or story
word-list-02.html,9,Odious,hateful
word-list-02.html,9,Posterity,future generations
word-list-02.html,9,Rife,common
word-list-02.html,9,Torpor,dormancy; sluggishness; inactivity
word-list-02.html,10,Affable,friendly; social; easygoing
word-list-02.html,10,Bureaucracy,officialdom
word-list-02.html,10,Degradation,deprivation; poverty; debasement
word-list-02.html,10,Eulogy,praise
word-list-02.html,10,Hypochondriac,a person obsessed with health; having imaginary illnesses
word-list-02.html,10,Legion,in large numbers
word-list-02.html,10,Officious,domineering; intrusive; meddlesome
word-list-02.html,10,Posthumous,after death
word-list-02.html,10,Rigor,thoroughness
word-list-02.html,10,Totter,walk unsteadily
word-list-03.html,1,Alacrity,eagerness; enthusiasm; quickness
word-list-03.html,1,Burgeon,grow; flourish; put forth new shoots
word-list-03.html,1,Deleterious,harmful
word-list-03.html,1,Euphemism,a polite phrase to cover something unpleasant
word-list-03.html,1,Hypocritical,insincere
word-list-03.html,1,Lethargic,tired; without energy
word-list-03.html,1,Ogle,stare at; observe in an obvious manner
word-list-03.html,1,Postulate,hypothesize; propose
word-list-03.html,1,Robust,strong; healthy; tough
word-list-03.html,1,Tractable,obedient; dutiful; polite
word-list-03.html,2,Alchemy,medieval chemistry; attempt to change base metal into gold
word-list-03.html,2,Burnish,polish
word-list-03.html,2,Deliberate,to think over deeply
word-list-03.html,2,Euphony,pleasant sounds
word-list-03.html,2,Iconoclast,person who opposes orthodoxy
word-list-03.html,2,Levity,flippancy; joking about serious matters
word-list-03.html,2,Olfactory,concerned with the sense of smell
word-list-03.html,2,Potable,suitable for drinking
word-list-03.html,2,Rotund,round
word-list-03.html,2,Tranquil,peaceful
word-list-03.html,3,Alibi,an excuse that shows someone was not at a crime scene
word-list-03.html,3,Buttress,strengthen; support
word-list-03.html,3,Delineation,demarcation; explanation; definition; outlining
word-list-03.html,3,Evacuate,vacate; empty; abandon
word-list-03.html,3,Idiosyncrasy,a personal peculiarity; something unique to an individual
word-list-03.html,3,Libertarian,someone who opposes tyranny
word-list-03.html,3,Ominous,threatening
word-list-03.html,3,Potent,powerful; compelling; strong
word-list-03.html,3,Ruminate,think over something; ponder
word-list-03.html,3,Transcribe,copy
word-list-03.html,4,Allay,to lessen
word-list-03.html,4,Byline,the line that tells you who wrote an article
word-list-03.html,4,Demur,hesitate; refuse
word-list-03.html,4,Exacerbate,make worse
word-list-03.html,4,Ignominious,shameful
word-list-03.html,4,Liniment,soothing lotion
word-list-03.html,4,Omnipotent,all-powerful
word-list-03.html,4,Pragmatic,practical
word-list-03.html,4,Ruse,trick; stratagem
word-list-03.html,4,Transgress,go astray; disobey; commit a sin
word-list-03.html,5,Alleviate,make less severe
word-list-03.html,5,Cacophony,discordant loud noises
word-list-03.html,5,Denounce,condemn; speak out against
word-list-03.html,5,Exasperated,frustrated; annoyed
word-list-03.html,5,Ignominy,shame [ignominious (a) = shameful]
word-list-03.html,5,Lithe,flexible; supple
word-list-03.html,5,Omniscient,all-knowing
word-list-03.html,5,Pragmatist,practical person; one who is concerned with usefulness
word-list-03.html,5,Saccharin,falsely sweet
word-list-03.html,5,Transient,short-lived; ephemeral
word-list-03.html,6,Aloof,distant; detached; cold
word-list-03.html,6,Cajole,coax
word-list-03.html,6,Deplete,use up; lessen
word-list-03.html,6,Exceptionable,very bad (something which we should object to)
word-list-03.html,6,Illuminate,to light up or make clear
word-list-03.html,6,Livid,very angry
word-list-03.html,6,Onerous,burdensome; hard to undertake
word-list-03.html,6,Preamble,introductory material
word-list-03.html,6,Sacrosanct,very holy; inviolable
word-list-03.html,6,Traverse,to move across
word-list-03.html,7,Altruism,putting others first; being self-sacrificing
word-list-03.html,7,Caldron,huge cooking pot
word-list-03.html,7,Deplore,regret
word-list-03.html,7,Exculpate,free someone from blame; pardon; acquit
word-list-03.html,7,Illusory,deceptive; false; misleading
word-list-03.html,7,Lobbyist,person who tries to persuade someone to support a particular cause
word-list-03.html,7,Onus,burden
word-list-03.html,7,Precarious,unstable; risky
word-list-03.html,7,Sagacious,wise
word-list-03.html,7,Trepidation,fear
word-list-03.html,8,Amass,accumulate
word-list-03.html,8,Callow,immature
word-list-03.html,8,Depravity,moral corruption
word-list-03.html,8,Execrable,"very, very bad"
word-list-03.html,8,Immoderate,excessive; extreme
word-list-03.html,8,Lofty,snooty; arrogant; haughty
word-list-03.html,8,Opaque,does not let light through
word-list-03.html,8,Precedent,a previous occurrence used as a guide
word-list-03.html,8,Sage,a wise person
word-list-03.html,8,Trinket,something of little value; knick-knack
word-list-03.html,9,Ambiguity,uncertainty; vagueness
word-list-03.html,9,Candid,frank; honest
word-list-03.html,9,Deprecate,criticize; denounce
word-list-03.html,9,Exegesis,scholarly explanation or interpretation
word-list-03.html,9,Immutable,unchanging; permanent
word-list-03.html,9,Longevity,long life
word-list-03.html,9,Opulent,wealthy; rich; magnificent
word-list-03.html,9,Precept,guiding principle
word-list-03.html,9,Salacious,lecherous; erotic
word-list-03.html,9,Trite,unoriginal; dull
word-list-03.html,10,Ambiguous,unclear in meaning; can be interpreted in different ways
word-list-03.html,10,Candor,frankness; openness
word-list-03.html,10,Deride,ridicule; make fun of; mock
word-list-03.html,10,Exemplary,outstandingly good; setting a fine example
word-list-03.html,10,Impartial,unbiased; neutral
word-list-03.html,10,Loquacious,talkative
word-list-03.html,10,Ordain,1. destine; 2. confer holy orders on a priest
word-list-03.html,10,Precinct,district of a city
word-list-03.html,10,Sallow,yellowish
word-list-03.html,10,Trivial,unimportant
word-list-04.html,1,Ambivalence,lack of clarity; wavering; being undecided
word-list-04.html,1,Cantankerous,bad-tempered; quarrelsome
word-list-04.html,1,Derogatory,uncomplimentary
word-list-04.html,1,Exemplify,to serve as a good example
word-list-04.html,1,Impecunious,having no money
word-list-04.html,1,Lucid,clear
word-list-04.html,1,Ornate,highly decorated
word-list-04.html,1,Precipice,steep slope
word-list-04.html,1,Salubrious,health-giving
word-list-04.html,1,Truant,shirker; someone absent without permission
word-list-04.html,2,Ambulatory,able to walk around (used of hospital patients)
word-list-04.html,2,Capacious,spacious
word-list-04.html,2,Desecrate,to damage or pollute a holy place
word-list-04.html,2,Exhaustive,complete and thorough
word-list-04.html,2,Impious,wicked; profane
word-list-04.html,2,Ludicrous,ridiculous; silly
word-list-04.html,2,Orthodox,conventional
word-list-04.html,2,Precipitous,done in a hurry
word-list-04.html,2,Salutary,something which teaches you a lesson; beneficial
word-list-04.html,2,Truncate,cut short
word-list-04.html,3,Ameliorate,make better
word-list-04.html,3,Capitulate,surrender; give in to
word-list-04.html,3,Desecration,spoiling something holy
word-list-04.html,3,Exonerates,acquits; absolves; removes blame
word-list-04.html,3,Impoverished,destitute; poor
word-list-04.html,3,Lukewarm,1. unenthusiastic; 2. neither hot nor cold
word-list-04.html,3,Ossify,1. turn to bone; 2. become fixed and rigid
word-list-04.html,3,Preclude,prevent or make impossible
word-list-04.html,3,Sanctimonious,hypocritically holy
word-list-04.html,3,Tumult,uproar; noise
word-list-04.html,4,Amelioration,improvement
word-list-04.html,4,Carping,constant criticism
word-list-04.html,4,Desist,stop; discontinue; cease
word-list-04.html,4,Exorcism,getting free/rid of; eliminating (especially demons)
word-list-04.html,4,Impromptu,unrehearsed; spontaneous
word-list-04.html,4,Lummox,clumsy person
word-list-04.html,4,Ostentatious,showy
word-list-04.html,4,Precocious,developing early
word-list-04.html,4,Sanction,give approval to
word-list-04.html,4,Turpitude,depravity
word-list-04.html,5,Amiable,friendly
word-list-04.html,5,Cartographer,person who makes maps
word-list-04.html,5,Despondent,having no hope; miserable
word-list-04.html,5,Expatriate,refugee; emigrant; someone living away from his own country
word-list-04.html,5,Inadvertent,not intentional
word-list-04.html,5,Luscious,juicy; moist; succulent
word-list-04.html,5,Oust,push out of a position
word-list-04.html,5,Predecessor,one who came before
word-list-04.html,5,Sanguinary,bloodthirsty; bloody
word-list-04.html,5,Tyro,novice; beginner
word-list-04.html,6,Amity,friendship
word-list-04.html,6,Castigate,scold strongly
word-list-04.html,6,Destitution,hardship; poverty; misery
word-list-04.html,6,Expedient,convenient; practical
word-list-04.html,6,Incantation,chant; invocation; prayer
word-list-04.html,6,Lynch,assassinate; kill; illegal hanging
word-list-04.html,6,Overt,obvious; not hidden
word-list-04.html,6,Predicament,dilemma; difficult situation
word-list-04.html,6,Sanguine,optimistic; cheerful
word-list-04.html,6,Ubiquitous,found everywhere; omnipresent
word-list-04.html,7,Amorphous,lacking in shape
word-list-04.html,7,Catharsis,purging of pent-up emotions
word-list-04.html,7,Deter,put off; prevent
word-list-04.html,7,Expedite,make faster
word-list-04.html,7,Incarceration,putting in prison
word-list-04.html,7,Machinations,plots and plans
word-list-04.html,7,Overwrought,worked up; in an emotional state
word-list-04.html,7,Preeminent,famous; outstanding
word-list-04.html,7,Sardonic,mocking
word-list-04.html,7,Unalloyed,undiluted; total
word-list-04.html,8,Analgesic,medicine to combat pain
word-list-04.html,8,Caucus,type of private political meeting
word-list-04.html,8,Deteriorate,worsen; decline
word-list-04.html,8,Exposition,clear explanation
word-list-04.html,8,Incessant,without stopping
word-list-04.html,8,Maelstrom,whirlpool; storm in the ocean
word-list-04.html,8,Palatable,good to eat; agreeable
word-list-04.html,8,Prerogative,right or privilege
word-list-04.html,8,Savant,person with knowledge
word-list-04.html,8,Unctuous,oily; using excessive flattery
word-list-04.html,9,Analogous,comparable
word-list-04.html,9,Caustic,burning
word-list-04.html,9,Detrimental,harmful
word-list-04.html,9,Extol,praise
word-list-04.html,9,Incipient,just beginning
word-list-04.html,9,Magnanimous,generous; big-hearted
word-list-04.html,9,Palisade,fence made of posts
word-list-04.html,9,Prescient,having fore-knowledge
word-list-04.html,9,Scale,to climb
word-list-04.html,9,Undermined,damaged; attacked
word-list-04.html,10,Anarchy,chaos; lack of government
word-list-04.html,10,Cavalcade,procession of vehicles
word-list-04.html,10,Devoured,greedily eaten/consumed
word-list-04.html,10,Extradite,deport from one country back to the home country
word-list-04.html,10,Inclination,tendency; a leaning toward
word-list-04.html,10,Magnate,powerful businessman
word-list-04.html,10,Palliative,a remedy that improves but doesn't cure
word-list-04.html,10,Presentiment,a feeling that something might happen
word-list-04.html,10,Scapegoat,person on whom blame is placed for faults of others
word-list-04.html,10,Underscore,emphasize
word-list-05.html,1,Anecdote,a brief amusing story
word-list-05.html,1,Celerity,speed
word-list-05.html,1,Dexterous,skilful with hands
word-list-05.html,1,Extraneous,irrelevant
word-list-05.html,1,Incoherent,not clear
word-list-05.html,1,Maladroit,clumsy; unskillful
word-list-05.html,1,Pallid,pale
word-list-05.html,1,Presumptuous,assuming too much; arrogant
word-list-05.html,1,Scrupulous,careful; diligent; painstaking
word-list-05.html,1,Unequivocal,clear; obvious
word-list-05.html,2,Animosity,hatred; antagonism
word-list-05.html,2,Censorious,disapproving; critical
word-list-05.html,2,Dichotomy,a division into two parts
word-list-05.html,2,Extrapolate,extend; predict on the basis of known data
word-list-05.html,2,Incongruous,not fitting in; out of place
word-list-05.html,2,Malady,illness
word-list-05.html,2,Palpable,easily felt; easily perceived
word-list-05.html,2,Pretentious,pompous; self-important
word-list-05.html,2,Scrutinize,examine carefully
word-list-05.html,2,Unfetter,set free
word-list-05.html,3,Annex (n),a building which is an addition to an existing building
word-list-05.html,3,Censure,blame
word-list-05.html,3,Didactic,intended to teach; instructive
word-list-05.html,3,Extrinsic,irrelevant; on the outside
word-list-05.html,3,Inconsequential,unimportant; insignificant; negligible
word-list-05.html,3,Malediction,a curse
word-list-05.html,3,Panacea,remedy for all ills
word-list-05.html,3,Prevaricate,speak misleadingly and evasively
word-list-05.html,3,Scuttle,sink
word-list-05.html,3,Unfrock,to remove a priest from his position
word-list-05.html,4,Annex (v),take possession of; seize; capture
word-list-05.html,4,Cerebral,intellectual
word-list-05.html,4,Diffident,lacking confidence
word-list-05.html,4,Fallacious,false
word-list-05.html,4,Inconspicuous,not easily seen; subtle; not noticeable
word-list-05.html,4,Malefactor,a wrong-doer
word-list-05.html,4,Paradigm,1. example; 2. model; 3. way of looking at things
word-list-05.html,4,Pristine,unspoiled
word-list-05.html,4,Seminary,an institution in which priests are trained
word-list-05.html,4,Unprecedented,never having happened before
word-list-05.html,5,Anomaly,something which does not fit in a pattern; irregularity
word-list-05.html,5,Certitude,certainty
word-list-05.html,5,Digress,wander off the subject
word-list-05.html,5,Falter,hesitate; waver
word-list-05.html,5,Indelible,cannot be wiped out
word-list-05.html,5,Malinger,deliberately avoid work; shirk
word-list-05.html,5,Paradox,apparently contradictory statement
word-list-05.html,5,Proclivity,tendency towards
word-list-05.html,5,Sensuous,appealing to the senses
word-list-05.html,5,Unscathed,unharmed; intact; without a scratch
word-list-05.html,6,Antagonism,hostility; strong opposition
word-list-05.html,6,Charlatan,trickster who claims knowledge he doesn't have
word-list-05.html,6,Dike,dam; embankment
word-list-05.html,6,Fanatical,obsessive; fixated
word-list-05.html,6,Indifferent,1. neutral;  2. not outstanding
word-list-05.html,6,Malingerer,person who deliberately tries to avoid work
word-list-05.html,6,Paragon,a perfect example
word-list-05.html,6,Procrastinate,delay; put off
word-list-05.html,6,Sentinel,guard; sentry
word-list-05.html,6,Unwitting,not deliberate; unconscious
word-list-05.html,7,Antagonistic,opposed; hostile; aggressive
word-list-05.html,7,Chary,wary of; cautious about; reluctant to give
word-list-05.html,7,Dilatory,slow; falling behind with one's work
word-list-05.html,7,Fanaticism,passion; excessive devotion
word-list-05.html,7,Indigenous,native to a particular area
word-list-05.html,7,Malleable,flexible; can be shaped
word-list-05.html,7,Paramount,of supreme importance
word-list-05.html,7,Prodigal,wasteful; extravagant
word-list-05.html,7,Sequester,isolate
word-list-05.html,7,Upbraid,scold; tell off; reprimand
word-list-05.html,8,Antediluvian,outdated; prehistoric; very old-fashioned
word-list-05.html,8,Chastises,punishes
word-list-05.html,8,Dilemma,puzzling situation
word-list-05.html,8,Fastidious,overly particular; finicky
word-list-05.html,8,Indolence,laziness
word-list-05.html,8,Mallet,1. wooden hammer; 2. stick used for polo
word-list-05.html,8,Parasite,1. scrounger; 2. animal which takes digested food from another
word-list-05.html,8,Prodigious,very large
word-list-05.html,8,Serendipity,fortunate coincidence; unsought discovery
word-list-05.html,8,Uproarious,hilarious; hysterical; very funny
word-list-05.html,9,Anthology,a book which is a collection of poems or stories
word-list-05.html,9,Chicanery,trickery
word-list-05.html,9,Dilettante,person who dabbles in a subject without serious study
word-list-05.html,9,Fatuous,silly; foolish
word-list-05.html,9,Inductee,novice; beginner
word-list-05.html,9,Manipulatable,influencable; controllable
word-list-05.html,9,Parched,dried up
word-list-05.html,9,Profane,unholy
word-list-05.html,9,Serene,calm; peaceful
word-list-05.html,9,Upshot,outcome
word-list-05.html,10,Anthropocentrism,putting man at the center of one's philosophy
word-list-05.html,10,Chimerical,changeable; unstable
word-list-05.html,10,Diligent,hard-working
word-list-05.html,10,Feasible,possible and practicable
word-list-05.html,10,Indulgent,pampering; satisfying desires
word-list-05.html,10,Marred,damaged; spoiled
word-list-05.html,10,Pariah,an outcast from society
word-list-05.html,10,Profanity,swearing; cursing
word-list-05.html,10,Serrated,jagged; saw-like
word-list-05.html,10,Urbane,sophisticated; suave
word-list-06.html,1,Antiquated,outdated; old fashioned
word-list-06.html,1,Choleric,easily angered
word-list-06.html,1,Diorama,model of a scene
word-list-06.html,1,Fecund,fertile
word-list-06.html,1,Inebriation,drunkenness; intoxication
word-list-06.html,1,Marshal,to gather together
word-list-06.html,1,Parity,equality
word-list-06.html,1,Profound,having deep meaning
word-list-06.html,1,Servile,overly submissive; groveling
word-list-06.html,1,Usurp,take someone's position (usually by force)
word-list-06.html,2,Apathetic,indifferent; uninterested; lethargic
word-list-06.html,2,Chronicler,person who records historical information
word-list-06.html,2,Dirge,mournful song
word-list-06.html,2,Felicitous,apt
word-list-06.html,2,Ineffable,cannot be expressed in words
word-list-06.html,2,Marsupial,pouched mammal (like a kangaroo)
word-list-06.html,2,Parochial,narrow-minded; concerned only with local matters
word-list-06.html,2,Profundity,depth
word-list-06.html,2,Skeptical,doubting; not gullible
word-list-06.html,2,Utilitarian,useful
word-list-06.html,3,Apathy,lack of interest or emotion
word-list-06.html,3,Circuitous,indirect
word-list-06.html,3,Disapprobation,disapproval
word-list-06.html,3,Fervor,passion; enthusiasm
word-list-06.html,3,Inept,incompetent; unskilled; useless
word-list-06.html,3,Martinet,person who believes in strict discipline
word-list-06.html,3,Parody,a mockery; imitation for ridicule; spoof
word-list-06.html,3,Proletarian,member of the working class
word-list-06.html,3,Skirmish,minor battle
word-list-06.html,3,Utopian,a believer in an ideal world
word-list-06.html,4,Apocryphal,of doubtful origin
word-list-06.html,4,Circumlocution,using too many words; long-windedness
word-list-06.html,4,Discern,to distinguish one thing from another
word-list-06.html,4,Fickle,unpredictable; whimsical; easily swayed
word-list-06.html,4,Inertia,inactivity; lethargy
word-list-06.html,4,Masochist,person who intentionally inflicts pain on himself
word-list-06.html,4,Parry,ward off; avoid
word-list-06.html,4,Prolific,producing a lot
word-list-06.html,4,Sluggard,slow-moving; lethargic person
word-list-06.html,4,Vacillate,waver; hesitate
word-list-06.html,5,Appease,pacify; soothe; calm down; make peace with
word-list-06.html,5,Circumscribe,limit
word-list-06.html,5,Discord,disagreement
word-list-06.html,5,Finesse,skill
word-list-06.html,5,Inevitable,cannot be avoided
word-list-06.html,5,Matriarchy,society governed by women
word-list-06.html,5,Parsimonious,economical; frugal; thrifty
word-list-06.html,5,Proponents,promoters; supporters
word-list-06.html,5,Smelt,refine an ore
word-list-06.html,5,Vacuous,empty; silly; meaningless
word-list-06.html,6,Apprehensive,worried; fearful
word-list-06.html,6,Circumspect,cautious; considering all sides
word-list-06.html,6,Discordancy,cacophony; harshness; jarring
word-list-06.html,6,Fitful,not continuous; stopping and starting
word-list-06.html,6,Inexorable,relentless
word-list-06.html,6,Maverick,a loner
word-list-06.html,6,Parsimony,stinginess; frugality; cost-cutting
word-list-06.html,6,Prosaic,dull; boring; ordinary
word-list-06.html,6,Smorgasbord,a Swedish buffet of cold dishes
word-list-06.html,6,Vagrant,person wandering without a home
word-list-06.html,7,Arable,can be cultivated
word-list-06.html,7,Circumvent,avoid
word-list-06.html,7,Discrepancy,something which does not match up; inconsistency
word-list-06.html,7,Flagrant,clearly wrong
word-list-06.html,7,Inexpedient,not advisable
word-list-06.html,7,Meager,in short supply
word-list-06.html,7,Partisan,biased; one-sided; committed to one group
word-list-06.html,7,Proscribe,forbid
word-list-06.html,7,Solace,comfort for grief
word-list-06.html,7,Vapid,dull; uninspiring
word-list-06.html,8,Arbitrary,random; for no definite reason
word-list-06.html,8,Clairvoyant,psychic; mystic
word-list-06.html,8,Discriminate,to make a clear distinction; see the difference
word-list-06.html,8,Flamboyant,showy; ornate
word-list-06.html,8,Infallible,perfect; flawless; cannot make mistakes
word-list-06.html,8,Meander,wander from side to side
word-list-06.html,8,Pathos,evoking sadness or pity
word-list-06.html,8,Prosody,study of versification
word-list-06.html,8,Solicit,to ask for; seek
word-list-06.html,8,Variegated,multicolored; speckled
word-list-06.html,9,Arcane,obscure; known only to a few people
word-list-06.html,9,Clamor,shout; scream
word-list-06.html,9,Discursiveness,long windedness; indirectness
word-list-06.html,9,Flaunt,show off; display in a showy manner
word-list-06.html,9,Infamous,famous for something bad
word-list-06.html,9,Mellow,soft; melodious; ripe
word-list-06.html,9,Patron,one who give support (usually financial)
word-list-06.html,9,Prostration,1. lying face down; 2. be overcome with extreme weakness
word-list-06.html,9,Somnambulist,sleepwalker
word-list-06.html,9,Vehemence,violence; fervor; forcefulness
word-list-06.html,10,Archaic,ancient; outdated; old fashioned
word-list-06.html,10,Clandestine,secret; covert; stealthy
word-list-06.html,10,Disdain,contempt; strong dislike
word-list-06.html,10,Flippant,making jokes about serious matters
word-list-06.html,10,Infer,deduce; conclude
word-list-06.html,10,Menagerie,collection of animals
word-list-06.html,10,Patronize,condescend to; behave in an arrogant manner towards
word-list-06.html,10,Protagonist,"main character in film, book, play etc."
word-list-06.html,10,Soothsayer,fortuneteller
word-list-06.html,10,Vehement,forceful
word-list-07.html,1,Archetype,classic example of
word-list-07.html,1,Clemency,mercy
word-list-07.html,1,Disinterested,unbiased
word-list-07.html,1,Flout,defy; reject
word-list-07.html,1,Ing�nue,"na�ve, unsophisticated person"
word-list-07.html,1,Mendacious,given to lying
word-list-07.html,1,Paucity,shortage
word-list-07.html,1,Protean,changeable
word-list-07.html,1,Sophomoric,juvenile; immature
word-list-07.html,1,Venal,corrupt; can be bribed
word-list-07.html,2,Archives,collections of old records; place of storage of old documents
word-list-07.html,2,Clich�,overused expression; something unoriginal
word-list-07.html,2,Disparage,criticize; belittle
word-list-07.html,2,Flustered,worked-up; not calm
word-list-07.html,2,Ingrate,ungrateful person
word-list-07.html,2,Mercenary,concerned only with money
word-list-07.html,2,Peccadillo,minor weakness; trivial offence
word-list-07.html,2,Prot�g�,"person under protection of, or guided by another"
word-list-07.html,2,Soporific,inducing sleep
word-list-07.html,2,Veneer,surface coating
word-list-07.html,3,Articulate,clear; lucid; eloquent
word-list-07.html,3,Clientele,customers
word-list-07.html,3,Disparity,an inequality
word-list-07.html,3,Fly-by-night,unreliable; disreputable
word-list-07.html,3,Inimical,hostile
word-list-07.html,3,Mercurial,volatile; changeable
word-list-07.html,3,Pedant,person who insists on strict adherence to rules or narrow learning
word-list-07.html,3,Protocol,procedure; code of behavior
word-list-07.html,3,Sparse,spare; bare; meager
word-list-07.html,3,Venerate,revere; worship
word-list-07.html,4,Artifice,deception; trickery
word-list-07.html,4,Coalesce,come together; merge
word-list-07.html,4,Dispassionate,neutral; objective
word-list-07.html,4,Forensic,concerned with argument or debate (esp. for legal evidence)
word-list-07.html,4,Innate,inherited; inborn
word-list-07.html,4,Merge,come together
word-list-07.html,4,Pedestrian,common; mundane; banal
word-list-07.html,4,Provincial,unsophisticated; narrow-minded
word-list-07.html,4,Specious,false
word-list-07.html,4,Venial,minor; unimportant
word-list-07.html,5,Artisan,craftsman
word-list-07.html,5,Coddle,pamper; fuss over; indulge
word-list-07.html,5,Disseminating,circulating; broadcasting; spreading (information)
word-list-07.html,5,Fortitude,bravery
word-list-07.html,5,Innocuous,harmless; inoffensive
word-list-07.html,5,Metaphorically,symbolically; figuratively
word-list-07.html,5,Peerless,without equal
word-list-07.html,5,Prudent,cautious; wise
word-list-07.html,5,Speckled,spotted; freckled; dotted
word-list-07.html,5,Veracity,truthfulness
word-list-07.html,6,Ascetic,without luxuries; severely simple
word-list-07.html,6,Coercion,force
word-list-07.html,6,Diurnal,active in daytime
word-list-07.html,6,Fortuitous,happening by chance
word-list-07.html,6,Innovate,create; introduce something new
word-list-07.html,6,Meticulous,very careful; painstaking
word-list-07.html,6,Pejorative,derogatory
word-list-07.html,6,Puerile,childish
word-list-07.html,6,Sporadic,not continuous; intermittent
word-list-07.html,6,Verbose,talkative; long-winded; rambling
word-list-07.html,7,Assiduous,thorough; diligent
word-list-07.html,7,Cogent,lucid; well argued
word-list-07.html,7,Divert,1. entertain; 2. distract; 3. cause a detour
word-list-07.html,7,Fractious,irritable; difficult to control
word-list-07.html,7,Inscrutable,mysterious; impenetrable
word-list-07.html,7,Mettle,courage; bravery; valor
word-list-07.html,7,Pellucid,transparently clear
word-list-07.html,7,Punctilious,paying attention to small details
word-list-07.html,7,Spurious,false
word-list-07.html,7,Verbosity,using too many words
word-list-07.html,8,Assuage,to calm
word-list-07.html,8,Cogitate,think over something; ponder
word-list-07.html,8,Docile,gentle and easily lead
word-list-07.html,8,Fraudulent,fake; false
word-list-07.html,8,Insentient,unfeeling
word-list-07.html,8,Milieu,environment
word-list-07.html,8,Pensive,in a thoughtful mood; thinking deeply
word-list-07.html,8,Purloin,steal
word-list-07.html,8,Stagnant,still; not moving
word-list-07.html,8,Vertigo,dizziness
word-list-07.html,9,Astute,perceptive; sharp-witted
word-list-07.html,9,Collage,picture made from fragments of other pictures
word-list-07.html,9,Dogmatic,having stubbornly held opinions
word-list-07.html,9,Frivolous,not serious
word-list-07.html,9,Insipid,dull; bland; boring
word-list-07.html,9,Mire,swamp; muddy ground
word-list-07.html,9,Penury,poverty
word-list-07.html,9,Pusillanimous,cowardly
word-list-07.html,9,Staid,dull; sober; serious
word-list-07.html,9,Vestigial,not developed
word-list-07.html,10,Asylum,place of refuge or safety
word-list-07.html,10,Collate,arrange in order
word-list-07.html,10,Dolt,stupid person
word-list-07.html,10,Frugal,economical; not wasting anything
word-list-07.html,10,Instigate,to start; provoke
word-list-07.html,10,Misanthrope,hater of the rest of mankind
word-list-07.html,10,Perceptive,observant
word-list-07.html,10,Pyromania,compulsion to start fires
word-list-07.html,10,Stanza,section of a poem
word-list-07.html,10,Vignette,small sketch
word-list-08.html,1,Atheist,person who does not believe in God
word-list-08.html,1,Colloquial,local and informal (used of language)
word-list-08.html,1,Dotard,foolish old man
word-list-08.html,1,Furrow,groove
word-list-08.html,1,Instigator,troublemaker; person who entices others to do something
word-list-08.html,1,Misnomer,wrong name
word-list-08.html,1,Percipient,perceptive; insightful
word-list-08.html,1,Quaff,drink down quickly
word-list-08.html,1,Staunch,loyal; faithful; dependable
word-list-08.html,1,Vilification,blackening someone's name
word-list-08.html,2,Atrophy,waste away from lack of use
word-list-08.html,2,Collusion,plotting and planning
word-list-08.html,2,Drawl,speak slowly with words running together
word-list-08.html,2,Furtive,hidden and secret
word-list-08.html,2,Insurgent,a rebel
word-list-08.html,2,Misogynist,hater of women
word-list-08.html,2,Perdition,damnation
word-list-08.html,2,Quagmire,marsh; bog
word-list-08.html,2,Stereotype,fixed image
word-list-08.html,2,Vindicate,prove right; remove blame
word-list-08.html,3,Attenuate,weaken
word-list-08.html,3,Commandeer,take possession of
word-list-08.html,3,Drivel,nonsense
word-list-08.html,3,Futile,useless; hopeless
word-list-08.html,3,Interminable,never-ending
word-list-08.html,3,Misrepresentation,deliberately deceiving
word-list-08.html,3,Peremptory,in a commanding manner
word-list-08.html,3,Quaint,picturesque
word-list-08.html,3,Stevedore,dockworker
word-list-08.html,3,Virtuoso,an accomplished musician
word-list-08.html,4,Augment,increase; make bigger
word-list-08.html,4,Complacent,self-satisfied; smug
word-list-08.html,4,Droll,dryly amusing
word-list-08.html,4,Galleon,ancient type of sailing ship
word-list-08.html,4,Intermittent,sporadic; irregular
word-list-08.html,4,Mitigate,lessen; make less severe
word-list-08.html,4,Perfidy,treachery
word-list-08.html,4,Quandary,dilemma; puzzle
word-list-08.html,4,Stifle,suppress
word-list-08.html,4,Virulent,dangerous; harmful
word-list-08.html,5,Auspicious,favorable; promising to turn out well
word-list-08.html,5,Compliant,easy to control; submissive
word-list-08.html,5,Drone,1. monotonous noise (n); 2. to speak with no emotion (v); 3.male bee
word-list-08.html,5,Gambol,frolic; leap; bound
word-list-08.html,5,Intransigence,stubbornness
word-list-08.html,5,Modicum,small amount
word-list-08.html,5,Perfunctory,superficial; cursory
word-list-08.html,5,Quarantine,isolation to prevent the spread of disease
word-list-08.html,5,Stoic,known for fortitude; indifferent to pleasure or pain
word-list-08.html,5,Vital,essential; alive; important
word-list-08.html,6,Austere,severely plain
word-list-08.html,6,Concatenate,link together
word-list-08.html,6,Dubious,doubtful
word-list-08.html,6,Garble,distort; confuse; muddle
word-list-08.html,6,Intransigent,stubborn; unyielding
word-list-08.html,6,Momentous,very important
word-list-08.html,6,Peripatetic,nomadic; moving from place to place
word-list-08.html,6,Quarry,1. something that is hunted; 2. mine for stone
word-list-08.html,6,Stoke,add fuel to; strengthen
word-list-08.html,6,Vitriolic,corrosive; strongly attacking
word-list-08.html,7,Aversion,a dislike of
word-list-08.html,7,Concatenation,linking into chains
word-list-08.html,7,Dupe,to fool someone
word-list-08.html,7,Garish,gaudy
word-list-08.html,7,Intrepid,brave
word-list-08.html,7,Monotonous,dull; unvarying
word-list-08.html,7,Peripheral,on the edge; not important
word-list-08.html,7,Querulous,always complaining
word-list-08.html,7,Stolid,impassive; dull; indifferent
word-list-08.html,7,Vivacity,liveliness; animation
word-list-08.html,8,Balk,hinder and prevent; hesitate over
word-list-08.html,8,Conciliate,to bring together; end a dispute
word-list-08.html,8,Dynamic,lively; vibrant; energetic
word-list-08.html,8,Garner,gather; collect
word-list-08.html,8,Inveterate,habitual
word-list-08.html,8,Moratorium,temporary prohibition or halt to activity
word-list-08.html,8,Perjury,telling lies under oath
word-list-08.html,8,Quirk,oddity
word-list-08.html,8,Stratagem,plot; plan; trick
word-list-08.html,8,Vivify,enliven
word-list-08.html,9,Banal,common; dull
word-list-08.html,9,Concise,stated in few words
word-list-08.html,9,Ebullient,very lively; cheerful; jovial; happy
word-list-08.html,9,Garrulous,talkative
word-list-08.html,9,Invidious,arousing envy
word-list-08.html,9,Moribund,on the point of death
word-list-08.html,9,Pernicious,destructive; harmful
word-list-08.html,9,Ramble,wander aimlessly
word-list-08.html,9,Strident,loud and harsh
word-list-08.html,9,Vociferous,noisy; loud in speech
word-list-08.html,10,Banality,ordinariness; dullness
word-list-08.html,10,Condescend,talk down to
word-list-08.html,10,Eccentric,unusual; quirky; odd
word-list-08.html,10,Gaunt,emaciated; bony and angular
word-list-08.html,10,Inviolable,cannot be invaded
word-list-08.html,10,Morose,gloomy; bad tempered
word-list-08.html,10,Persnickety,fastidious; fussy
word-list-08.html,10,Ramifications,branches; subdivisions of a complex system; outcomes
word-list-08.html,10,Stringent,strict or severe
word-list-08.html,10,Volatile,dangerously unstable; evaporates easily
word-list-09.html,1,Bane,troublesome influence
word-list-09.html,1,Condone,tacitly support; overlook
word-list-09.html,1,Eclectic,taking things from different sources
word-list-09.html,1,Genre,a category; type
word-list-09.html,1,Irascible,easily angered
word-list-09.html,1,Mundane,ordinary; worldly
word-list-09.html,1,Perpetuated,caused to continue
word-list-09.html,1,Rancor,resentment; animosity; bad feeling
word-list-09.html,1,Strut,swagger; show off
word-list-09.html,1,Voluble,talkative
word-list-09.html,2,Bard,poet
word-list-09.html,2,Condoning,overlooking; disregarding; ignoring
word-list-09.html,2,Edifice,building; structure; construction
word-list-09.html,2,Germane,relevant
word-list-09.html,2,Ire,anger [irate (a) = very angry]
word-list-09.html,2,Munificent,generous; charitable
word-list-09.html,2,Perpetuity,eternity
word-list-09.html,2,Rant,use bombastic language
word-list-09.html,2,Stupefying,astonishing; shocking; stunning into silence
word-list-09.html,2,Voluminous,very large; spacious
word-list-09.html,3,Bastion,fortress; stronghold
word-list-09.html,3,Conflagration,big fire
word-list-09.html,3,Efface,wipe out; remove all trace of
word-list-09.html,3,Germinal,just growing; not developed; immature
word-list-09.html,3,Irksome,annoying; infuriating
word-list-09.html,3,Mutinous,very rebellious
word-list-09.html,3,Personable,attractive
word-list-09.html,3,Ratify,approve; consent
word-list-09.html,3,Subpoena,summons to court
word-list-09.html,3,Voracious,ravenous
word-list-09.html,4,Befuddle,confuse
word-list-09.html,4,Confound,confuse
word-list-09.html,4,Effigy,a model of a person
word-list-09.html,4,Gibbering,making meaningless noises
word-list-09.html,4,Ironic,satiric; unexpected
word-list-09.html,4,Myriad,in large numbers
word-list-09.html,4,Perspicacious,insightful; sharp; wise
word-list-09.html,4,Raucous,rough and unpleasant (of sounds)
word-list-09.html,4,Substantiate,give supporting evidence
word-list-09.html,4,Waive,surrender; give up
word-list-09.html,5,Begrudge,resent
word-list-09.html,5,Congeal,to solidify
word-list-09.html,5,Effusive,gushing; demonstrative
word-list-09.html,5,Glacial,hostile; unfriendly; cold; icy
word-list-09.html,5,Irrational,unreasonable; absurd
word-list-09.html,5,Navigable,suitable for sailing
word-list-09.html,5,Perspicacity,insight
word-list-09.html,5,Raze,destroy; demolish; tear down
word-list-09.html,5,Subterfuge,a trick
word-list-09.html,5,Wane,grow less
word-list-09.html,6,Beguile,mislead; lure
word-list-09.html,6,Congenital,present from birth
word-list-09.html,6,Egalitarianism,belief in equality
word-list-09.html,6,Goad,prod; urge
word-list-09.html,6,Irreproachable,cannot be criticized; perfect
word-list-09.html,6,Nebulous,vague
word-list-09.html,6,Pertinent,relevant
word-list-09.html,6,Rebuttal,denial
word-list-09.html,6,Subtle,not obvious
word-list-09.html,6,Wary,hesitant; cautious
word-list-09.html,7,Belabor,explain in unnecessary detail
word-list-09.html,7,Connoisseur,person with refined taste and good judgment
word-list-09.html,7,Egregious,"outstandingly, obviously bad"
word-list-09.html,7,Grate (v),1. to annoy; aggravate; vex; 2. shred
word-list-09.html,7,Irrevocable,cannot be cancelled; unchangeable
word-list-09.html,7,Nefarious,wicked; immoral; disreputable
word-list-09.html,7,Peruse,read carefully
word-list-09.html,7,Recant,disclaim; retract statement
word-list-09.html,7,Subversive,rebellious; revolutionary
word-list-09.html,7,Wax,to increase; to grow
word-list-09.html,8,Beleaguer,besiege; attack
word-list-09.html,8,Consecrate,dedicate
word-list-09.html,8,Egress,exit
word-list-09.html,8,Gratis,free of charge; without payment
word-list-09.html,8,Itinerant,nomadic; wandering from place to place
word-list-09.html,8,Negate,cancel; deny
word-list-09.html,8,Pervasive,spreading everywhere
word-list-09.html,8,Recapitulate,summarize
word-list-09.html,8,Succinct,concise
word-list-09.html,8,Waylay,accost; stop; approach; hinder
word-list-09.html,9,Belie,contradict
word-list-09.html,9,Consensus,general agreement
word-list-09.html,9,Eloquent,fluent and persuasive in speech
word-list-09.html,9,Gratuitous,unwarranted
word-list-09.html,9,Jaded,tired; bored; worn out
word-list-09.html,9,Negligence,carelessness
word-list-09.html,9,Petrify,1. terrify; 2. turn to stone
word-list-09.html,9,Receptacle,container; vessel; holder
word-list-09.html,9,Suffragist,someone who campaigns for voting rights
word-list-09.html,9,Weighty,serious
word-list-09.html,10,Belittle,to demean
word-list-09.html,10,Conspicuous,easily seen; prominent
word-list-09.html,10,Elucidate,make clear
word-list-09.html,10,Gravity,seriousness
word-list-09.html,10,Jargon,specialized language used by experts
word-list-09.html,10,Neologism,newly coined word
word-list-09.html,10,Petulant,sulky; peevish
word-list-09.html,10,Recluse,someone who cuts himself off from life
word-list-09.html,10,Supercilious,proud and haughty
word-list-09.html,10,Whelp,young dog
