出发地,目的地,路线页数
北京,厦门,359
北京,青岛,471
北京,杭州,1228
北京,丽江,1160
北京,九寨沟,168
北京,大理,199
北京,西双版纳,50
北京,昆明,456
北京,西安,876
北京,乌鲁木齐,136
北京,银川,143
北京,大连,242
北京,哈尔滨,285
北京,沈阳,223
北京,张家界,144
北京,长沙,533
北京,神农架,29
北京,武汉,511
北京,洛阳,126
北京,三亚,397
上海,九寨沟,168
上海,西双版纳,25
上海,重庆,898
上海,乌鲁木齐,136
上海,呼和浩特,125
上海,太原,212
上海,大连,242
上海,哈尔滨,285
上海,沈阳,223
上海,张家界,27
上海,神农架,29
上海,长沙,533
上海,武汉,512
上海,三亚,397
上海,桂林,576
广州,厦门,359
广州,黄山,132
广州,丽江,1160
广州,九寨沟,168
广州,大理,354
广州,拉萨,81
广州,西双版纳,下一页
广州,西安,876
广州,西宁,15
广州,呼和浩特,125
广州,天津,346
广州,大连,242
广州,长春,128
广州,沈阳,223
广州,张家界,72
广州,长沙,533
广州,神农架,29
广州,武汉,512
广州,三亚,399
深圳,厦门,359
深圳,九寨沟,168
深圳,大理,23
深圳,西安,876
深圳,呼和浩特,125
深圳,天津,346
深圳,哈尔滨,285
深圳,大连,242
深圳,沈阳,223
深圳,长春,128
深圳,张家界,18
深圳,武汉,512
深圳,长沙,300
深圳,神农架,29
深圳,三亚,399
天津,青岛,474
天津,厦门,359
天津,杭州,1226
天津,九寨沟,168
天津,大理,23
天津,西双版纳,下一页
天津,重庆,900
天津,西安,874
天津,西宁,116
天津,大连,242
天津,哈尔滨,285
天津,长沙,533
天津,武汉,512
天津,三亚,399
天津,桂林,575
天津,广州,1231
天津,北海,67
天津,珠海,288
天津,深圳,1112
杭州,厦门,359
杭州,青岛,474
杭州,丽江,1159
杭州,九寨沟,168
杭州,成都,1600
杭州,西双版纳,74
杭州,重庆,900
杭州,西安,874
杭州,西宁,22
杭州,呼和浩特,125
杭州,天津,346
杭州,大连,242
杭州,哈尔滨,285
杭州,沈阳,223
杭州,张家界,54
杭州,长沙,533
杭州,天子山,54
杭州,武汉,512
杭州,三亚,399
杭州,桂林,575
上海,厦门,357
上海,青岛,469
上海,黄山,59
上海,丽江,1159
上海,西安,874
深圳,丽江,1159
天津,成都,1592
天津,丽江,290
南京,厦门,357
南京,青岛,469
南京,苏州,73
南京,丽江,1159
南京,成都,1592
南京,九寨沟,164
南京,昆明,455
南京,重庆,900
南京,西双版纳,下一页
南京,西安,874
南京,西宁,116
南京,呼和浩特,94
南京,大连,242
南京,哈尔滨,284
南京,本溪,21
南京,张家界,82
南京,长沙,536
南京,三亚,399
南京,桂林,573
南京,蜈支洲岛,399
南京,北海,17
南京,陵水,44
济南,厦门,356
济南,丽江,290
济南,九寨沟,164
济南,昆明,456
济南,西安,874
济南,北京,360
济南,大连,242
济南,哈尔滨,284
济南,沈阳,198
济南,武汉,194
济南,长沙,536
济南,三亚,399
济南,桂林,430
济南,深圳,1154
济南,珠海,292
重庆,厦门,354
重庆,青岛,468
重庆,鼓浪屿,354
重庆,大理,267
重庆,西安,874
重庆,天津,351
重庆,呼和浩特,125
重庆,哈尔滨,284
重庆,大连,242
重庆,沈阳,226
重庆,长春,128
重庆,武汉,517
重庆,三亚,399
重庆,桂林,573
上海,北京,1444
重庆,丽江,1159
青岛,厦门,354
青岛,丽江,73
青岛,九寨沟,164
青岛,重庆,898
青岛,西安,876
青岛,承德,90
青岛,天津,351
青岛,大连,244
青岛,沈阳,226
青岛,哈尔滨,284
青岛,长沙,538
青岛,武汉,517
青岛,桂林,568
青岛,深圳,1152
青岛,海口,252
大连,厦门,354
大连,青岛,466
大连,烟台,266
大连,九寨沟,164
大连,重庆,898
大连,西安,876
大连,西宁,116
大连,天津,351
大连,哈尔滨,18
大连,张家界,37
大连,长沙,538
大连,武汉,517
大连,湘西,17
大连,三亚,50
宁波,青岛,466
宁波,九寨沟,164
宁波,重庆,898
宁波,西安,876
宁波,哈尔滨,53
宁波,大连,244
宁波,武汉,517
宁波,长沙,405
宁波,神农架,29
宁波,桂林,71
厦门,九寨沟,164
厦门,重庆,896
厦门,西安,877
厦门,乌鲁木齐,136
厦门,天津,349
厦门,呼和浩特,125
厦门,太原,215
厦门,哈尔滨,282
厦门,沈阳,224
厦门,大连,244
厦门,营口,63
厦门,神农架,29
厦门,长沙,540
厦门,武汉,517
厦门,三亚,397
厦门,桂林,568
厦门,珠海,292
成都,厦门,354
成都,青岛,464
成都,杭州,1234
成都,鼓浪屿,354
成都,泸沽湖,1159
成都,西宁,116
成都,乌鲁木齐,136
成都,鄂尔多斯,33
成都,天津,349
成都,哈尔滨,282
成都,大连,244
成都,沈阳,224
成都,武汉,517
成都,三亚,397
成都,桂林,567
大连,上海,1471
厦门,杭州,1234
厦门,北京,1444
成都,丽江,1160
成都,西安,876
武汉,厦门,352
武汉,杭州,1234
